Strategy,CAGR,MaxDD,Sharpe_daily,WorstDay,Rebalance_days,Avg_Jaccard
BM3_SECTOR_ROTATION,0.1938473219533441,-0.07002530803425833,1.4112303217362778,-0.02107679077149449,33,0.491
PRISM_V1_MH20,0.3114049103354646,-0.059541912258656904,1.4572232624621986,-0.048021193926426786,114,0.902
HYS_A_E15H30,0.22599840670673044,-0.05909697619612053,1.097504731023994,-0.03870536597990881,116,0.91
HYS_B_E15H35,0.2193228428540568,-0.05811326353414259,1.0815134456757203,-0.0387053659799087,117,0.911
HYS_C_E10H30,0.24733070806027802,-0.06377840753583186,1.2192882022616742,-0.032516915735867125,104,0.891
