Strategy,CAGR,MaxDD,Sharpe_daily,WorstDay,Rebalance_days,Avg_Jaccard
BM3_SECTOR_ROTATION,0.1938473219533441,-0.07002530803425833,1.4112303217362778,-0.02107679077149449,33,0.491
PRISM_V1_MH20,0.3114049103354646,-0.059541912258656904,1.4572232624621986,-0.048021193926426786,114,0.902
MH20_CAP35,0.3391934921258717,-0.05152497664471345,1.7572876611085433,-0.028857568965309555,114,0.902
MH20_CAP25,0.29701166154770386,-0.049762155594962554,1.7461990610926563,-0.028578752773908866,114,0.903
