Strategy,CAGR,MaxDD,Sharpe_daily,Turnover_trades,AvgHoldingDays_proxy,WorstDay
BM2_SPY_SHV,-0.02178790021100452,-0.05071352053304601,-0.14953140642288415,249,46.83813019123044,-0.027027691201150783
BM3_SECTOR_ROTATION,0.1938473219533441,-0.07002530803425833,1.4112303217362778,747,39.3181283374061,-0.02107679077149449
BM5_DIRECT_STOCK,0.415308650199923,-0.4439059665489251,0.8310659140885368,2276,31.156891495601172,-0.15296302417065055
PRISM_V1,0.2885068953984502,-0.09124970641973629,1.1583989551417537,4476,25.034423775924736,-0.07193915174509669
PRISM_V1_MH10,0.2154316556507163,-0.059541912258656904,1.011254638284189,9102,28.238424434773044,-0.048021193926426786
PRISM_V1_MH20,0.3114049103354646,-0.059541912258656904,1.4572232624621986,13404,30.719854194358593,-0.048021193926426786
PRISM_V1_MH30,0.26889574430543917,-0.06281439665199762,1.3047643012484131,17759,31.697783838050857,-0.048021193926426786
