Strategy,CAGR,MaxDD,Sharpe_daily,Turnover_trades,AvgHoldingDays_proxy,WorstDay
BM2_SPY_SHV,-0.02178790021100452,-0.05071352053304601,-0.14953140642288415,249,46.83813019123044,-0.027027691201150783
BM3_SECTOR_ROTATION,0.1938473219533441,-0.07002530803425833,1.4112303217362778,747,39.3181283374061,-0.02107679077149449
BM5_DIRECT_STOCK,0.415308650199923,-0.4439059665489251,0.8310659140885368,2276,31.156891495601172,-0.15296302417065055
PRISM_V1,0.2885068953984502,-0.09124970641973629,1.1583989551417537,4476,25.034423775924736,-0.07193915174509669
