{
  "PRISM-R_W0_equal": {
    "cagr": 1.5214280474144064,
    "vol": 0.533539042182866,
    "sharpe": 2.8515777237028326,
    "sortino": 3.4125124628561845,
    "calmar": 3.9167328173106037,
    "maxdd": -0.38844315361267967,
    "terminal": 202.43246364117613
  },
  "PRISM-R_W5b_cap30": {
    "cagr": 2.3150588874672633,
    "vol": 0.7206619050108519,
    "sharpe": 3.212406360555998,
    "sortino": 4.388902697789409,
    "calmar": 5.305373620564145,
    "maxdd": -0.4363611411821911,
    "terminal": 974.3024394755573
  },
  "PRISM-R_BEAST_nocap": {
    "cagr": 2.565305397578253,
    "vol": 0.8211583796037342,
    "sharpe": 3.1240080614122094,
    "sortino": 4.6266890382721835,
    "calmar": 5.798164637247344,
    "maxdd": -0.4424340387126575,
    "terminal": 1479.7028682626326
  },
  "PRISM-RQ_W0_equal": {
    "cagr": 0.6936418287658384,
    "vol": 0.41604686058811763,
    "sharpe": 1.667220437104889,
    "sortino": 1.6934136748026174,
    "calmar": 1.9066441421030795,
    "maxdd": -0.3638024597504246,
    "terminal": 20.60193392040234
  },
  "PRISM-RQ_W5b_cap30": {
    "cagr": 0.8464730869384789,
    "vol": 0.5212889617990042,
    "sharpe": 1.6238078090455663,
    "sortino": 1.7727956645333136,
    "calmar": 1.982625431983194,
    "maxdd": -0.4269455406368731,
    "terminal": 33.83438707395099
  },
  "PRISM-RQ_BEAST_nocap": {
    "cagr": 0.8519021961348543,
    "vol": 0.5616406043553219,
    "sharpe": 1.5168101977112367,
    "sortino": 1.702692224009322,
    "calmar": 1.9513499800292105,
    "maxdd": -0.4365706843229126,
    "terminal": 34.40961518849073
  }
}