{
  "PRISM_W0": {
    "cagr": 0.5018187767005711,
    "vol": 0.370044511360212,
    "sharpe": 1.3561038234454077,
    "sortino": 1.4412020325491512,
    "calmar": 1.26390078559986,
    "maxdd": -0.39703969047095955,
    "terminal": 10.331159587505049
  },
  "PRISM_W5b": {
    "cagr": 0.6723344485642344,
    "vol": 0.464573229354134,
    "sharpe": 1.4472087629735733,
    "sortino": 1.664430093977639,
    "calmar": 1.628023208462816,
    "maxdd": -0.41297596070454945,
    "terminal": 19.157358468238847
  },
  "PRISM_BEAST": {
    "cagr": 0.7011392832334171,
    "vol": 0.49051602329137245,
    "sharpe": 1.4293911920119518,
    "sortino": 1.6503590608120122,
    "calmar": 1.625776429413706,
    "maxdd": -0.43126426890459024,
    "terminal": 21.131143734357774
  },
  "PRISM-R_W0": {
    "cagr": 0.6694428731293827,
    "vol": 0.4293434314361537,
    "sharpe": 1.5592246768282825,
    "sortino": 1.6650382390616099,
    "calmar": 1.5940695289214206,
    "maxdd": -0.4199583901351788,
    "terminal": 18.967934585299165
  },
  "PRISM-R_W5b": {
    "cagr": 1.048653644243366,
    "vol": 0.5981635484422696,
    "sharpe": 1.7531219462875285,
    "sortino": 2.286107478866212,
    "calmar": 2.4709896469090764,
    "maxdd": -0.4243860938693576,
    "terminal": 61.44296088417166
  },
  "PRISM-R_BEAST": {
    "cagr": 1.0763943211291598,
    "vol": 0.6422175794612086,
    "sharpe": 1.6760586373736541,
    "sortino": 2.246974477180627,
    "calmar": 2.4936364841836975,
    "maxdd": -0.43165646956016607,
    "terminal": 66.37632514027827
  },
  "PRISM-RQ_W0": {
    "cagr": 0.3840334718958267,
    "vol": 0.37282901677557295,
    "sharpe": 1.0300525297552103,
    "sortino": 1.0427673359898553,
    "calmar": 1.0362778178240353,
    "maxdd": -0.3705893007554827,
    "terminal": 6.463573634663252
  },
  "PRISM-RQ_W5b": {
    "cagr": 0.4203453316392789,
    "vol": 0.432194635094783,
    "sharpe": 0.9725834092019549,
    "sortino": 1.013736729372755,
    "calmar": 0.9897468174921936,
    "maxdd": -0.424699856781903,
    "terminal": 7.499904377679526
  },
  "PRISM-RQ_BEAST": {
    "cagr": 0.42830951127313166,
    "vol": 0.45187161003367005,
    "sharpe": 0.947856651674172,
    "sortino": 0.9932551392578324,
    "calmar": 1.0091018019834193,
    "maxdd": -0.42444628523234895,
    "terminal": 7.744611533758602
  }
}