{
  "nocap": {
    "cagr": 1.080918,
    "sharpe": 1.683088,
    "sortino": 2.256649,
    "calmar": 2.504116,
    "maxdd": -0.431656,
    "dsr": 0.580398,
    "n": 1447,
    "skew": 5.105265,
    "kurt": 78.879894,
    "terminal": 67.210964,
    "bear_sharpe": -0.404165,
    "top1_mean": 0.204558,
    "top1_p95": 0.409085,
    "top3_mean": 0.440624,
    "hhi_mean": 0.129077,
    "eff_n": 7.7473,
    "turnover": 10.459726,
    "bind_rate": 0
  },
  "cap50": {
    "cagr": 1.081772,
    "sharpe": 1.685472,
    "sortino": 2.261632,
    "calmar": 2.506095,
    "maxdd": -0.431656,
    "dsr": 0.580505,
    "n": 1447,
    "skew": 5.11701,
    "kurt": 79.065437,
    "terminal": 67.369541,
    "bear_sharpe": -0.404165,
    "top1_mean": 0.204356,
    "top1_p95": 0.409085,
    "top3_mean": 0.440477,
    "hhi_mean": 0.128895,
    "eff_n": 7.758236,
    "turnover": 10.459726,
    "bind_rate": 0.013699
  },
  "cap40": {
    "cagr": 1.081595,
    "sharpe": 1.695909,
    "sortino": 2.285711,
    "calmar": 2.505685,
    "maxdd": -0.431656,
    "dsr": 0.580383,
    "n": 1447,
    "skew": 5.214941,
    "kurt": 81.037147,
    "terminal": 67.336673,
    "bear_sharpe": -0.401313,
    "top1_mean": 0.201128,
    "top1_p95": 0.39731,
    "top3_mean": 0.438155,
    "hhi_mean": 0.126506,
    "eff_n": 7.904768,
    "turnover": 10.459726,
    "bind_rate": 0.054795
  },
  "cap35": {
    "cagr": 1.08032,
    "sharpe": 1.705057,
    "sortino": 2.299838,
    "calmar": 2.510161,
    "maxdd": -0.430379,
    "dsr": 0.580103,
    "n": 1447,
    "skew": 5.297922,
    "kurt": 83.08872,
    "terminal": 67.100216,
    "bear_sharpe": -0.406425,
    "top1_mean": 0.196422,
    "top1_p95": 0.35,
    "top3_mean": 0.434807,
    "hhi_mean": 0.1237,
    "eff_n": 8.084047,
    "turnover": 10.459726,
    "bind_rate": 0.123288
  },
  "cap30": {
    "cagr": 1.053117,
    "sharpe": 1.760565,
    "sortino": 2.296094,
    "calmar": 2.481506,
    "maxdd": -0.424386,
    "dsr": 0.598906,
    "n": 1447,
    "skew": 4.26122,
    "kurt": 60.082006,
    "terminal": 62.215566,
    "bear_sharpe": -0.40502,
    "top1_mean": 0.187535,
    "top1_p95": 0.3,
    "top3_mean": 0.428786,
    "hhi_mean": 0.119461,
    "eff_n": 8.370958,
    "turnover": 10.459726,
    "bind_rate": 0.191781
  },
  "cap25": {
    "cagr": 1.017949,
    "sharpe": 1.819159,
    "sortino": 2.276438,
    "calmar": 2.432051,
    "maxdd": -0.418556,
    "dsr": 0.628186,
    "n": 1447,
    "skew": 3.155818,
    "kurt": 38.584426,
    "terminal": 56.339597,
    "bear_sharpe": -0.400532,
    "top1_mean": 0.177356,
    "top1_p95": 0.25,
    "top3_mean": 0.421678,
    "hhi_mean": 0.11562,
    "eff_n": 8.649024,
    "turnover": 10.459726,
    "bind_rate": 0.219178
  },
  "cap20": {
    "cagr": 0.952699,
    "sharpe": 1.835488,
    "sortino": 2.190844,
    "calmar": 2.299479,
    "maxdd": -0.414311,
    "dsr": 0.664743,
    "n": 1447,
    "skew": 2.175016,
    "kurt": 22.696176,
    "terminal": 46.649422,
    "bear_sharpe": -0.400963,
    "top1_mean": 0.164788,
    "top1_p95": 0.2,
    "top3_mean": 0.411532,
    "hhi_mean": 0.111845,
    "eff_n": 8.94096,
    "turnover": 10.459726,
    "bind_rate": 0.315068
  },
  "cap15": {
    "cagr": 0.843842,
    "sharpe": 1.770431,
    "sortino": 2.001231,
    "calmar": 2.03509,
    "maxdd": -0.414646,
    "dsr": 0.706481,
    "n": 1447,
    "skew": 1.256028,
    "kurt": 11.190061,
    "terminal": 33.558522,
    "bear_sharpe": -0.421756,
    "top1_mean": 0.142338,
    "top1_p95": 0.15,
    "top3_mean": 0.389943,
    "hhi_mean": 0.107441,
    "eff_n": 9.307403,
    "turnover": 10.459726,
    "bind_rate": 0.575342
  }
}