{"B": {"CHKP": 0.42500000000000004, "DDOG": 0.375, "DT": 0.4, "FTNT": 0.4375, "MDB": 0.2, "OKTA": 0.35, "PANW": 0.775, "PATH": 0.2, "SNOW": 0.3, "TENB": 0.4125, "ADM": 0.25, "BG": 0.25, "CF": 0.25, "CTVA": 0.25, "NTR": 0.3, "SQM": 0.175, "AMR": 0.1, "ARLP": 0.1, "BTU": 0.4, "CNR": 0.525, "HCC": 0.2, "HNRG": 0.2, "METC": 0.225, "SXC": 0.125, "AKAM": 0.25, "AMZN": 0.55, "APLD": 0.325, "CIFR": 0.3, "CORZ": 0.35, "CRWV": 0.55, "DOCN": 0.25, "FSLY": 0.2, "GOOGL": 0.7, "HUT": 0.4, "IREN": 0.55, "META": 0.55, "MSFT": 0.4125, "NBIS": 0.5, "NET": 0.325, "ORCL": 0.2625, "WULF": 0.25, "ACM": 0.1, "DY": 0.25, "EME": 0.3, "FIX": 0.35, "J": 0.15, "MTZ": 0.5, "MYRG": 0.3, "PWR": 0.5, "ROAD": 0.15, "STN": 0.1, "STRL": 0.35, "TPC": 0.15, "TTEK": 0.1, "ADI": 0.1875, "AME": 0.075, "AMSC": 0.125, "APH": 0.175, "CARR": 0.4, "CC": 0.15, "ETN": 0.7, "FLEX": 0.475, "HUBB": 0.2, "MOD": 0.3, "MPWR": 0.45, "NVT": 0.25, "ON": 0.325, "POWL": 0.25, "SOLS": 0.15, "TT": 0.35, "VICR": 0.35, "VRT": 0.55, "AES": 0.5, "BE": 0.325, "BEP": 0.5, "CAT": 0.325, "CEG": 0.45, "CMI": 0.275, "CSIQ": 0.25, "CWEN": 0.4, "EOSE": 0.15, "FLNC": 0.4, "FSLR": 0.25, "GEV": 0.3375, "GNRC": 0.25, "GWH": 0.15, "NEE": 0.6, "NXT": 0.25, "STEM": 0.125, "TE": 0.15, "TLN": 0.4, "VST": 0.4, "DELL": 0.575, "HPE": 0.4375, "JBL": 0.35, "NTAP": 0.35, "PSTG": 0.45, "SANM": 0.35, "SMCI": 0.525, "AFRM": 0.575, "ALLY": 0.175, "AXP": 0.35, "COF": 0.225, "FCFS": 0.075, "HOOD": 0.45, "KLAR": 0.525, "MA": 0.425, "OMF": 0.25, "SEZL": 0.525, "SLM": 0.15, "SOFI": 0.65, "SYF": 0.25, "UPST": 0.275, "V": 0.475, "ALGM": 0.2, "ARBE": 0.025, "CGNX": 0.05, "HXL": 0.05, "NVDA": 0.35, "OUST": 0.1, "QCOM": 0.075, "RRX": 0.15, "TEL": 0.05, "TSLA": 0.15, "ACDC": 0.25, "AR": 0.6, "CTRA": 0.35, "EQT": 0.55, "ET": 0.7, "EXE": 0.4, "HP": 0.2, "KMI": 0.6, "LBRT": 0.3, "LNG": 0.35, "OKE": 0.35, "PTEN": 0.225, "PUMP": 0.25, "RRC": 0.35, "SRE": 0.4, "TRGP": 0.45, "TRP": 0.55, "VG": 0.25, "WMB": 0.55, "BWXT": 0.4, "CCJ": 0.75, "FLS": 0.25, "LEU": 0.5, "NXE": 0.4, "OKLO": 0.35, "SMR": 0.35, "UEC": 0.55, "URG": 0.3, "UUUU": 0.32499999999999996, "BKR": 0.65, "BP": 0.3, "FTI": 0.5, "HAL": 0.45, "NE": 0.4, "NOV": 0.5, "PBR": 0.25, "RIG": 0.4, "SHEL": 0.4, "SLB": 0.4, "TS": 0.5, "TTE": 0.4, "VAL": 0.4, "WFRD": 0.45, "COP": 0.4, "CVX": 0.6, "DINO": 0.35, "DK": 0.25, "MPC": 0.4, "OXY": 0.55, "PARR": 0.4, "PBF": 0.4, "PSX": 0.35, "VLO": 0.35, "XOM": 0.6, "AAOI": 0.575, "ANET": 0.525, "AVGO": 0.4875, "CIEN": 0.575, "CLS": 0.575, "COHR": 0.725, "CSCO": 0.575, "FN": 0.675, "GLW": 0.5, "KEYS": 0.475, "LITE": 0.675, "MRVL": 0.6, "MTSI": 0.675, "POET": 0.275, "SITM": 0.45, "VIAV": 0.425, "APO": 0.075, "ARES": 0.125, "BAC": 0.175, "BX": 0.025, "C": 0.175, "CG": 0.05, "EVR": 0.0, "GS": 0.125, "JPM": 0.2, "KKR": 0.0, "LAZ": 0.025, "MS": 0.125, "OWL": 0.075, "RJF": 0.05, "TPG": 0.175, "WFC": 0.175, "ALB": 0.3, "AREC": 0.125, "ATLX": 0.1, "CRML": 0.1, "ELVR": 0.1, "IDR": 0.1, "IONR": 0.15, "IPX": 0.05, "LAC": 0.25, "MP": 0.35, "NB": 0.1, "PPTA": 0.2, "RIO": 0.25, "SGML": 0.2, "SLI": 0.25, "TMC": 0.15, "TMRC": 0.15, "UAMY": 0.2, "USAR": 0.35, "AEHR": 0.4, "AEIS": 0.5, "ASML": 0.4, "CAMT": 0.35, "COHU": 0.225, "ICHR": 0.4, "KLAC": 0.45, "LRCX": 0.5, "MKSI": 0.6, "ONTO": 0.45, "TER": 0.4, "UCTT": 0.4, "AMKR": 0.2, "APD": 0.2, "ASX": 0.2, "AXTI": 0.125, "ENTG": 0.2, "GFS": 0.25, "INTC": 0.2125, "LIN": 0.2, "PLAB": 0.2, "Q": 0.25, "SKYT": 0.25, "TSEM": 0.2, "TSM": 0.35, "UMC": 0.3, "ALAB": 0.325, "AMD": 0.375, "ARM": 0.325, "CRDO": 0.125, "MU": 0.4, "SNDK": 0.25, "STX": 0.2, "WDC": 0.2, "CRWD": 0.7, "CVLT": 0.225, "RBRK": 0.45, "S": 0.5, "ZS": 0.55, "ADBE": 0.05, "CRM": 0.075, "DOCU": 0.05, "FIG": 0.15, "FROG": 0.075, "GTLB": 0.075, "HUBS": 0.05, "INTU": 0.05, "KVYO": 0.05, "MNDY": 0.025, "NOW": 0.125, "SHOP": 0.15, "TEAM": 0.15, "TWLO": 0.125, "WDAY": 0.125, "ADSK": 0.0, "APPF": 0.0, "AXON": 0.2, "BSY": 0.125, "CDNS": 0.2, "FIVN": 0.15, "GWRE": 0.075, "MANH": 0.0, "MSI": 0.15, "PCOR": 0.075, "RNG": 0.225, "ROP": 0.025, "SNPS": 0.125, "TRMB": 0.05, "TTAN": 0.0, "TYL": 0.125, "ZM": 0.0, "ASTS": 0.35, "BKSY": 0.175, "FLY": 0.35, "GSAT": 0.25, "IRDM": 0.35, "LUNR": 0.3, "PL": 0.4, "RDW": 0.25, "RKLB": 0.325, "SATL": 0.3, "SATS": 0.15, "SPIR": 0.225, "VSAT": 0.25, "AAL": 0.4, "ABNB": 0.5, "ALK": 0.45, "BKNG": 0.4, "CCL": 0.35, "DAL": 0.45, "EXPE": 0.35, "H": 0.45, "HLT": 0.45, "IHG": 0.25, "LUV": 0.35, "MAR": 0.45, "NCLH": 0.2, "RCL": 0.4, "TRIP": 0.325, "UAL": 0.45, "VIK": 0.35, "WH": 0.425}, "D": {"CHKP": 0.42500000000000004, "DDOG": 0.375, "DT": 0.4, "FTNT": 0.4375, "MDB": 0.2, "OKTA": 0.35, "PANW": 0.775, "PATH": 0.2, "SNOW": 0.3, "TENB": 0.4125, "ADM": 0.25, "BG": 0.25, "CF": 0.25, "CTVA": 0.25, "NTR": 0.3, "SQM": 0.175, "AMR": 0.1, "ARLP": 0.1, "BTU": 0.4, "CNR": 0.525, "HCC": 0.2, "HNRG": 0.2, "METC": 0.225, "SXC": 0.125, "AKAM": 0.25, "AMZN": 0.55, "APLD": 0.325, "CIFR": 0.3, "CORZ": 0.35, "CRWV": 0.55, "DOCN": 0.25, "FSLY": 0.2, "GOOGL": 0.7, "HUT": 0.4, "IREN": 0.55, "META": 0.55, "MSFT": 0.4125, "NBIS": 0.5, "NET": 0.325, "ORCL": 0.2625, "WULF": 0.25, "ACM": 0.1, "DY": 0.25, "EME": 0.3, "FIX": 0.35, "J": 0.15, "MTZ": 0.5, "MYRG": 0.3, "PWR": 0.5, "ROAD": 0.15, "STN": 0.1, "STRL": 0.35, "TPC": 0.15, "TTEK": 0.1, "ADI": 0.1875, "AME": 0.075, "AMSC": 0.125, "APH": 0.175, "CARR": 0.4, "CC": 0.15, "ETN": 0.7, "FLEX": 0.475, "HUBB": 0.2, "MOD": 0.3, "MPWR": 0.45, "NVT": 0.25, "ON": 0.325, "POWL": 0.25, "SOLS": 0.15, "TT": 0.35, "VICR": 0.35, "VRT": 0.55, "AES": 0.5, "BE": 0.325, "BEP": 0.5, "CAT": 0.325, "CEG": 0.45, "CMI": 0.275, "CSIQ": 0.25, "CWEN": 0.4, "EOSE": 0.15, "FLNC": 0.4, "FSLR": 0.25, "GEV": 0.3375, "GNRC": 0.25, "GWH": 0.15, "NEE": 0.6, "NXT": 0.25, "STEM": 0.125, "TE": 0.15, "TLN": 0.4, "VST": 0.4, "DELL": 0.575, "HPE": 0.4375, "JBL": 0.35, "NTAP": 0.35, "PSTG": 0.45, "SANM": 0.35, "SMCI": 0.525, "AFRM": 0.575, "ALLY": 0.175, "AXP": 0.35, "COF": 0.225, "FCFS": 0.075, "HOOD": 0.45, "KLAR": 0.525, "MA": 0.425, "OMF": 0.25, "SEZL": 0.525, "SLM": 0.15, "SOFI": 0.65, "SYF": 0.25, "UPST": 0.275, "V": 0.475, "ALGM": 0.2, "ARBE": 0.025, "CGNX": 0.05, "HXL": 0.05, "NVDA": 0.35, "OUST": 0.1, "QCOM": 0.075, "RRX": 0.15, "TEL": 0.05, "TSLA": 0.15, "ACDC": 0.25, "AR": 0.6, "CTRA": 0.35, "EQT": 0.55, "ET": 0.7, "EXE": 0.4, "HP": 0.2, "KMI": 0.6, "LBRT": 0.3, "LNG": 0.35, "OKE": 0.35, "PTEN": 0.225, "PUMP": 0.25, "RRC": 0.35, "SRE": 0.4, "TRGP": 0.45, "TRP": 0.55, "VG": 0.25, "WMB": 0.55, "BWXT": 0.4, "CCJ": 0.75, "FLS": 0.25, "LEU": 0.5, "NXE": 0.4, "OKLO": 0.35, "SMR": 0.35, "UEC": 0.55, "URG": 0.3, "UUUU": 0.32499999999999996, "BKR": 0.65, "BP": 0.3, "FTI": 0.5, "HAL": 0.45, "NE": 0.4, "NOV": 0.5, "PBR": 0.25, "RIG": 0.4, "SHEL": 0.4, "SLB": 0.4, "TS": 0.5, "TTE": 0.4, "VAL": 0.4, "WFRD": 0.45, "COP": 0.4, "CVX": 0.6, "DINO": 0.35, "DK": 0.25, "MPC": 0.4, "OXY": 0.55, "PARR": 0.4, "PBF": 0.4, "PSX": 0.35, "VLO": 0.35, "XOM": 0.6, "AAOI": 0.575, "ANET": 0.525, "AVGO": 0.4875, "CIEN": 0.575, "CLS": 0.575, "COHR": 0.725, "CSCO": 0.575, "FN": 0.675, "GLW": 0.5, "KEYS": 0.475, "LITE": 0.675, "MRVL": 0.6, "MTSI": 0.675, "POET": 0.275, "SITM": 0.45, "VIAV": 0.425, "APO": 0.075, "ARES": 0.125, "BAC": 0.175, "BX": 0.025, "C": 0.175, "CG": 0.05, "EVR": 0.0, "GS": 0.125, "JPM": 0.2, "KKR": 0.0, "LAZ": 0.025, "MS": 0.125, "OWL": 0.075, "RJF": 0.05, "TPG": 0.175, "WFC": 0.175, "ALB": 0.3, "AREC": 0.125, "ATLX": 0.1, "CRML": 0.1, "ELVR": 0.1, "IDR": 0.1, "IONR": 0.15, "IPX": 0.05, "LAC": 0.25, "MP": 0.35, "NB": 0.1, "PPTA": 0.2, "RIO": 0.25, "SGML": 0.2, "SLI": 0.25, "TMC": 0.15, "TMRC": 0.15, "UAMY": 0.2, "USAR": 0.35, "AEHR": 0.4, "AEIS": 0.5, "ASML": 0.4, "CAMT": 0.35, "COHU": 0.225, "ICHR": 0.4, "KLAC": 0.45, "LRCX": 0.5, "MKSI": 0.6, "ONTO": 0.45, "TER": 0.4, "UCTT": 0.4, "AMKR": 0.2, "APD": 0.2, "ASX": 0.2, "AXTI": 0.125, "ENTG": 0.2, "GFS": 0.25, "INTC": 0.2125, "LIN": 0.2, "PLAB": 0.2, "Q": 0.25, "SKYT": 0.25, "TSEM": 0.2, "TSM": 0.35, "UMC": 0.3, "ALAB": 0.325, "AMD": 0.375, "ARM": 0.325, "CRDO": 0.125, "MU": 0.4, "SNDK": 0.25, "STX": 0.2, "WDC": 0.2, "CRWD": 0.7,