{
  "total_vol_20": {
    "cagr": 0.424772,
    "sharpe": 1.80428,
    "sortino": 2.058095,
    "calmar": 1.737788,
    "maxdd": -0.244433,
    "terminal": 7.635125,
    "n": 1447,
    "bear_sharpe": -0.341486,
    "cagr_retention": 0.419088
  },
  "total_vol_25": {
    "cagr": 0.535082,
    "sharpe": 1.834752,
    "sortino": 2.09526,
    "calmar": 1.80361,
    "maxdd": -0.296673,
    "terminal": 11.716021,
    "n": 1447,
    "bear_sharpe": -0.364223,
    "cagr_retention": 0.527923
  },
  "total_vol_30": {
    "cagr": 0.652661,
    "sharpe": 1.891463,
    "sortino": 2.162865,
    "calmar": 1.887823,
    "maxdd": -0.345721,
    "terminal": 17.898822,
    "n": 1447,
    "bear_sharpe": -0.391171,
    "cagr_retention": 0.643927
  },
  "total_vol_35": {
    "cagr": 0.757312,
    "sharpe": 1.913709,
    "sortino": 2.187476,
    "calmar": 1.933186,
    "maxdd": -0.391743,
    "terminal": 25.464655,
    "n": 1447,
    "bear_sharpe": -0.40782,
    "cagr_retention": 0.747179
  },
  "total_vol_40": {
    "cagr": 0.851545,
    "sharpe": 1.922535,
    "sortino": 2.19724,
    "calmar": 1.93737,
    "maxdd": -0.439537,
    "terminal": 34.371566,
    "n": 1447,
    "bear_sharpe": -0.421297,
    "cagr_retention": 0.840151
  },
  "total_vol_45": {
    "cagr": 0.93449,
    "sharpe": 1.917644,
    "sortino": 2.193715,
    "calmar": 1.901866,
    "maxdd": -0.491354,
    "terminal": 44.206174,
    "n": 1447,
    "bear_sharpe": -0.438315,
    "cagr_retention": 0.921986
  },
  "total_vol_50": {
    "cagr": 1.018428,
    "sharpe": 1.927007,
    "sortino": 2.212088,
    "calmar": 1.89675,
    "maxdd": -0.536933,
    "terminal": 56.416439,
    "n": 1447,
    "bear_sharpe": -0.445195,
    "cagr_retention": 1.004801
  },
  "total_vol_60": {
    "cagr": 1.160809,
    "sharpe": 1.938973,
    "sortino": 2.243907,
    "calmar": 1.936918,
    "maxdd": -0.599307,
    "terminal": 83.44278,
    "n": 1447,
    "bear_sharpe": -0.463735,
    "cagr_retention": 1.145277
  },
  "down_vol_20": {
    "cagr": 0.525802,
    "sharpe": 1.88709,
    "sortino": 2.182308,
    "calmar": 2.111006,
    "maxdd": -0.249077,
    "terminal": 11.315093,
    "n": 1447,
    "bear_sharpe": -0.384371,
    "cagr_retention": 0.518766
  },
  "down_vol_25": {
    "cagr": 0.66778,
    "sharpe": 1.94757,
    "sortino": 2.266726,
    "calmar": 2.200145,
    "maxdd": -0.303516,
    "terminal": 18.859705,
    "n": 1447,
    "bear_sharpe": -0.39577,
    "cagr_retention": 0.658845
  },
  "down_vol_30": {
    "cagr": 0.805093,
    "sharpe": 1.999047,
    "sortino": 2.336644,
    "calmar": 2.257183,
    "maxdd": -0.356681,
    "terminal": 29.705516,
    "n": 1447,
    "bear_sharpe": -0.423948,
    "cagr_retention": 0.79432
  },
  "down_vol_35": {
    "cagr": 0.933171,
    "sharpe": 2.040285,
    "sortino": 2.397166,
    "calmar": 2.261463,
    "maxdd": -0.412641,
    "terminal": 44.033403,
    "n": 1447,
    "bear_sharpe": -0.472728,
    "cagr_retention": 0.920684
  },
  "down_vol_40": {
    "cagr": 1.039236,
    "sharpe": 2.050466,
    "sortino": 2.414802,
    "calmar": 2.238848,
    "maxdd": -0.464183,
    "terminal": 59.8387,
    "n": 1447,
    "bear_sharpe": -0.497241,
    "cagr_retention": 1.02533
  },
  "down_vol_45": {
    "cagr": 1.130303,
    "sharpe": 2.05426,
    "sortino": 2.422811,
    "calmar": 2.201721,
    "maxdd": -0.513372,
    "terminal": 76.900799,
    "n": 1447,
    "bear_sharpe": -0.493463,
    "cagr_retention": 1.115178
  },
  "down_vol_50": {
    "cagr": 1.189179,
    "sharpe": 2.030516,
    "sortino": 2.389511,
    "calmar": 2.158521,
    "maxdd": -0.550923,
    "terminal": 89.932523,
    "n": 1447,
    "bear_sharpe": -0.485106,
    "cagr_retention": 1.173267
  },
  "down_vol_60": {
    "cagr": 1.278571,
    "sharpe": 1.983146,
    "sortino": 2.33395,
    "calmar": 2.115422,
    "maxdd": -0.604405,
    "terminal": 113.167434,
    "n": 1447,
    "bear_sharpe": -0.517171,
    "cagr_retention": 1.261463
  },
  "blend_100raw_0vs": {
    "cagr": 1.013562,
    "sharpe": 1.811343,
    "sortino": 2.266359,
    "calmar": 2.42157,
    "maxdd": -0.418556,
    "terminal": 55.63996,
    "n": 1447,
    "bear_sharpe": -0.400532,
    "cagr_retention": 1.0
  },
  "blend_75raw_25vs": {
    "cagr": 0.981524,
    "sharpe": 1.882342,
    "sortino": 2.304312,
    "calmar": 2.317443,
    "maxdd": -0.423537,
    "terminal": 50.744451,
    "n": 1447,
    "bear_sharpe": -0.405262,
    "cagr_retention": 0.96839
  },
  "blend_50raw_50vs": {
    "cagr": 0.943713,
    "sharpe": 1.931702,
    "sortino": 2.30971,
    "calmar": 2.201348,
    "maxdd": -0.428698,
    "terminal": 45.430175,
    "n": 1447,
    "bear_sharpe": -0.410548,
    "cagr_retention": 0.931086
  },
  "blend_25raw_75vs": {
    "cagr": 0.900315,
    "sharpe": 1.94878,
    "sortino": 2.275603,
    "calmar": 2.074302,
    "maxdd": -0.434033,
    "terminal": 39.905643,
    "n": 1447,
    "bear_sharpe": -0.416031,
    "cagr_retention": 0.888268
  },
  "blend_0raw_100vs": {
    "cagr": 0.851545,
    "sharpe": 1.922535,
    "sortino": 2.19724,
    "calmar": 1.93737,
    "maxdd": -0.439537,
    "terminal": 34.371566,
    "n": 1447,
    "bear_sharpe": -0.421297,
    "cagr_retention": 0.840151
  },
  "dblend_75r_25d": {
    "cagr": 1.027982,
    "sharpe": 1.911235,
    "sortino": 2.349783,
    "calmar": 2.391268,
    "maxdd": -0.42989,
    "terminal": 57.967117,
    "n": 1447,
    "bear_sharpe": -0.422968,
    "cagr_retention": 1.014227
  },
  "dblend_50r_50d": {
    "cagr": 1.037187,
    "sharpe": 1.988769,
    "sortino": 2.404598,
    "calmar": 2.350404,
    "maxdd": -0.44128,
    "terminal": 59.494229,
    "n": 1447,
    "bear_sharpe": -0.447209,
    "cagr_retention": 1.023308
  },
  "dblend_25r_75d": {
    "cagr": 1.040992,
    "sharpe": 2.036943,
    "sortino": 2.426888,
    "calmar": 2.299442,
    "maxdd": -0.452715,
    "terminal": 60.13515,
    "n": 1447,
    "bear_sharpe": -0.472342,
    "cagr_retention": 1.027063
  },
  "cap25_raw": {
    "cagr": 1.013562,
    "sharpe": 1.811343,
    "sortino": 2.266359,
    "calmar": 2.42157,
    "maxdd": -0.418556,
    "terminal": 55.63996,
    "n": 1447,
    "bear_sharpe": -0.400532,
    "cagr_retention": 1.0
  }
}